{
  "user_album/23991274.jpg": "a man with a hat and glasses is eating a hot dog",
  "user_album/23991359.jpg": "a man playing a guitar on stage with a microphone",
  "user_album/23991482.jpg": "a band playing on stage",
  "user_album/23991627.jpg": "a man playing a guitar under a white cloth",
  "user_album/23991762.jpg": "a man sitting at a table with a laptop",
  "user_album/23991910.jpg": "a man sitting at a desk with a laptop",
  "user_album/23992111.jpg": "a woman in a red dress is singing",
  "user_album/23992302.jpg": "a band playing in a room with red curtains",
  "user_album/23992620.jpg": "a group of people sitting on the grass eating",
  "user_album/23992686.jpg": "two men sitting on a bed",
  "user_album/23992842.jpg": "a man sitting on a bench",
  "user_album/23992941.jpg": "a woman wearing a yellow shirt",
  "user_album/23992990.jpg": "a man and a woman standing in a parking",
  "user_album/23993038.jpg": "a crowd of people standing around a street",
  "user_album/23993093.jpg": "a sign that says america dream real estate",
  "user_album/23993203.jpg": "a large red firework"
}